Designator,Footprint,Quantity,Value,LCSC Part #
"C101, C102",1210,2,22u,
C2,0402,1,47p,
"C202, C203, C206, C209, C212",0402,5,100nf,
"C214, C215",0603,2,1u,
"C23, C24",0402,2,470p,
C25,0805,1,22u,
C402,0805,1,10u,
"D101, D102",D_SOD-323,2,1N4148WS,C2128
FB201,0805,1,60,
"J101, J203",PinHeader_1x02_P2.54mm_Vertical,2,Conn_01x02,
"J102, J302",PinHeader_1x03_P2.54mm_Vertical,2,Conn_01x03_Pin,
J201,PinHeader_1x02_P2.54mm_Vertical,1,Conn_01x02_Pin,
J204,PinHeader_1x08_P2.54mm_Vertical,1,Conn_01x08,
"L201, L202",1206,2,220uH,C223393
"R101, R102",0402,2,1k2,
R103,0402,1,22k,
"R104, R105",0402,2,10,C25077
R106,R_Axial_DIN0207_L6.3mm_D2.5mm_P10.16mm_Horizontal,1,5.1R,C25197
"R201, R202",0603,2,100,
"R21, R31",0402,2,1k,
RV301,Potentiometer_Alps_RK09Y11_Single_Horizontal,1,R_Potentiometer,
U301,SOIC-8_3.9x4.9mm_P1.27mm,1,NE5532,
